{"cameraMode":{"drawMode":0,"name":"Shaded","section":"Shading Mode"},"sceneLighting":true,"audioPlay":false,"sceneViewState":{"m_AlwaysRefresh":false,"showFog":true,"showSkybox":true,"showFlares":true,"showImageEffects":true,"showParticleSystems":true,"showVisualEffectGraphs":true,"m_FxEnabled":true},"in2DMode":false,"pivot":{"x":-0.9212955832481384,"y":6.7691240310668949,"z":48.2279052734375},"rotation":{"x":0.0670897364616394,"y":0.11690916866064072,"z":-0.006531546823680401,"w":0.9911367893218994},"size":2.649930477142334,"orthographic":false}